date,7DayAverage,HighAverage,LowAverage
20100107,-3,-0.1,-5.9
20100108,-3,-0.1,-5.7
20100109,-3,0.3,-5.4
20100110,-3,0.4,-5.5
20100111,-2,0.8,-5.5
20100112,-1.21428571428571,2.2,-4.6
20100113,0.328571428571428,3.7,-3
20100114,1.87857142857143,5.1,-1.3
20100115,3.27142857142857,6.6,-0.1
20100116,4.41428571428571,7.6,1.2
20100117,5.04285714285714,8.1,2
20100118,5.03571428571429,8,2.1
20100119,4.67857142857143,7.5,1.8
20100120,3.92857142857143,6.8,1
20100121,3.96428571428571,7.1,0.8
20100122,4.71428571428571,7.7,1.7
20100123,4.55714285714286,7.8,1.3
20100124,4.35714285714286,7.6,1.1
20100125,3.96428571428571,7.7,0.2
20100126,2.49285714285714,6,-1
20100127,1.1,4.4,-2.2
20100128,-0.407142857142857,2.9,-3.7
20100129,-2.22857142857143,1.1,-5.6
20100130,-3,-0.1,-6.2
20100131,-3,-0.1,-6.4
20100201,-3,-0.5,-5.7
20100202,-2,0.5,-4.7
20100203,-1,1.5,-4.1
20100204,-1,1.8,-3.9
20100205,-1,2,-4.1
20100206,-1,2.7,-4
20100207,-1,2.3,-3.9
20100208,-1,2.3,-3.9
20100209,-1,2.4,-4.1
20100210,-1,2.3,-3.8
20100211,0,2.7,-2.9
20100212,0,2.9,-2.6
20100213,0,2.2,-2.5
20100214,0,2.3,-2.8
20100215,0.00714285714285712,2.5,-2.5
20100216,0.6,3,-1.8
20100217,1.51428571428571,4,-0.9
20100218,1.99285714285714,4.5,-0.5
20100219,2.27142857142857,4.9,-0.4
20100220,2.70714285714286,5.3,0.1
20100221,3.37857142857143,5.9,0.9
20100222,3.1,5.7,0.5
20100223,2.35,4.9,-0.2
20100224,1.86428571428571,4.4,-0.7
20100225,1.62142857142857,4,-0.7
20100226,2.02142857142857,4.2,-0.2
20100227,2.41428571428571,4.9,-0.1
20100228,2.29285714285714,4.8,-0.2
20100301,2.97142857142857,5.5,0.4
20100302,3.91428571428571,6.8,1
20100303,4.67142857142857,8.1,1.3
20100304,5.50714285714286,9.4,1.6
20100305,6.22142857142857,10.5,2
20100306,7.1,11.6,2.6
20100307,8.13571428571429,12.8,3.4
20100308,8.65714285714286,13.3,4
20100309,8.62142857142857,12.9,4.4
20100310,8.54285714285714,12.2,4.9
20100311,8.5,11.7,5.3
20100312,7.90714285714286,10.5,5.3
20100313,7.86428571428571,10.6,5.1
20100314,8.17857142857143,11.4,5
20100315,9.12857142857143,12.6,5.6
20100316,10.6714285714286,14.9,6.4
20100317,12.4142857142857,17.1,7.7
20100318,13.2928571428571,18.3,8.3
20100319,14.0857142857143,19.1,9
20100320,13.85,18.3,9.4
20100321,13.6142857142857,17.9,9.4
20100322,13.2571428571429,17.3,9.2
20100323,11.8714285714286,15.7,8
20100324,9.69285714285714,13.4,6
20100325,8.49285714285714,12.2,4.8
20100326,8.25714285714286,11.8,4.7
20100327,7.97857142857143,11.6,4.4
20100328,7.93571428571429,11.4,4.5
20100329,8.25,12,4.5
20100330,9.44285714285714,13.3,5.6
20100331,11.0642857142857,15.1,7.1
20100401,12.5714285714286,17.2,7.9
20100402,13.7571428571429,19,8.6
20100403,15.5428571428571,21.2,9.9
20100404,17.3642857142857,24,10.8
20100405,18.4,24.8,12
20100406,18.2428571428571,24.8,11.7
20100407,17.8571428571429,24.4,11.3
20100408,18.0571428571429,24.4,11.7
20100409,17.5785714285714,23.7,11.4
20100410,16.2642857142857,22,10.6
20100411,14.8357142857143,20,9.7
20100412,14,19.4,8.6
20100413,13.6428571428571,18.6,8.7
20100414,13.4785714285714,17.9,9
20100415,12.3357142857143,16.4,8.3
20100416,11.9428571428571,16.1,7.8
20100417,12.5,17.2,7.8
20100418,12.9071428571429,17.4,8.4
20100419,12.9071428571429,17.3,8.5
20100420,13.2642857142857,18.2,8.4
20100421,13.8214285714286,19.3,8.4
20100422,13.7785714285714,18.9,8.7
20100423,13.4642857142857,18.1,8.8
20100424,12.75,17.1,8.4
20100425,11.7071428571429,16.1,7.3
20100426,11.35,15.9,6.8
20100427,12.2214285714286,16.7,7.8
20100428,13.6071428571429,18,9.2
20100429,15.8285714285714,20.9,10.8
20100430,17.65,23,12.3
20100501,19.4,24.8,14
20100502,21.0714285714286,26.8,15.4
20100503,21.9857142857143,27.5,16.5
20100504,21.6285714285714,27.1,16.2
20100505,20.6714285714286,26.4,15
20100506,18.3714285714286,23.5,13.2
20100507,16.5857142857143,22,11.2
20100508,14.8357142857143,20,9.7
20100509,13.0142857142857,17.5,8.6
20100510,11.9357142857143,16.6,7.3
20100511,12.3357142857143,17.1,7.5
20100512,12.6642857142857,16.9,8.4
20100513,13.85,18.5,9.2
20100514,14.9214285714286,19.5,10.3
20100515,15.4428571428571,20,10.9
20100516,16.3142857142857,21.3,11.4
20100517,17.2714285714286,22.2,12.3
20100518,17.7,22.6,12.8
20100519,17.6142857142857,22.7,12.5
20100520,17.7357142857143,22.6,12.9
20100521,17.9,22.5,13.3
20100522,19.1285714285714,24.1,14.1
20100523,20.8285714285714,26.3,15.3
20100524,20.9857142857143,26.7,15.3
20100525,20.1928571428571,25.5,14.9
20100526,20.4714285714286,25.7,15.2
20100527,21.3428571428571,26.7,15.9
20100528,22.2142857142857,27.8,16.7
20100529,22.5285714285714,28,17.1
20100530,22.4142857142857,27.6,17.2
20100531,23.05,27.9,18.2
20100601,24.4,29.4,19.4
20100602,25.4285714285714,30.2,20.6
20100603,25.3928571428571,30.6,20.1
20100604,24.4785714285714,29.8,19.2
20100605,23.7642857142857,29,18.5
20100606,22.6142857142857,27.5,17.8
20100607,21.7357142857143,26.4,17
20100608,20.5071428571429,25.1,15.9
20100609,19.5571428571429,24.4,14.7
20100610,19.2785714285714,23.5,15.1
20100611,19.7142857142857,23.8,15.6
20100612,20.1928571428571,24.3,16.1
20100613,20.75,24.8,16.7
20100614,21.0285714285714,24.8,17.2
20100615,21.7071428571429,26,17.4
20100616,21.9071428571429,26.2,17.6
20100617,22.5857142857143,27.1,18.1
20100618,23.1857142857143,27.7,18.7
20100619,23.7071428571429,28.2,19.2
20100620,24.5428571428571,29.3,19.8
20100621,25.6928571428571,30.7,20.7
20100622,26.1714285714286,30.8,21.5
20100623,26.7714285714286,31.5,22.1
20100624,26.85,31.6,22.1
20100625,27.2785714285714,32.1,22.5
20100626,27.3928571428571,32.4,22.4
20100627,26.6357142857143,31.6,21.7
20100628,25.4928571428571,30.4,20.6
20100629,24.8928571428571,30,19.8
20100630,24.65,30,19.3
20100701,24.9285714285714,30.4,19.4
20100702,25.1642857142857,30.9,19.4
20100703,26.0714285714286,31.8,20.3
20100704,27.6214285714286,33.5,21.7
20100705,28.6928571428571,34.5,22.9
20100706,29.5642857142857,35.1,24
20100707,29.6428571428571,34.6,24.7
20100708,29.4785714285714,34.4,24.5
20100709,29.1642857142857,34,24.3
20100710,28.0571428571429,32.4,23.7
20100711,26.9428571428571,30.8,23.1
20100712,26.6642857142857,30.6,22.7
20100713,26.7428571428571,30.9,22.6
20100714,27.2928571428571,31.7,22.9
20100715,27.5714285714286,31.7,23.4
20100716,27.45,31.6,23.3
20100717,27.7285714285714,32.1,23.4
20100718,28.4,33.2,23.6
20100719,28.5928571428571,33.4,23.8
20100720,28.3214285714286,32.9,23.7
20100721,28.6071428571429,33.2,24
20100722,28.25,33.1,23.4
20100723,27.9,32.7,23.1
20100724,27.8214285714286,32.9,22.8
20100725,27.5857142857143,32.6,22.6
20100726,27.55,32.5,22.6
20100727,27.1857142857143,32.3,22.1
20100728,26.15,31.4,20.9
20100729,25.6357142857143,30.3,20.9
20100730,25.5928571428571,30.2,21
20100731,25.4714285714286,29.8,21.2
20100801,25.5928571428571,29.9,21.3
20100802,25.95,30.4,21.5
20100803,26.3071428571429,30.8,21.8
20100804,26.4714285714286,31,22
20100805,26.95,31.7,22.2
20100806,27.5,32.4,22.6
20100807,27.9785714285714,32.9,23.1
20100808,28.0928571428571,33,23.2
20100809,26.9785714285714,31.5,22.5
20100810,26.5857142857143,30.9,22.3
20100811,26.2642857142857,30.5,22.1
20100812,25.5428571428571,29.5,21.6
20100813,25.0357142857143,28.9,21.2
20100814,24.8357142857143,28.8,20.9
20100815,24.4,28.3,20.5
20100816,25,29.5,20.5
20100817,25.5142857142857,30.1,20.9
20100818,25.6714285714286,30.3,21
20100819,25.8785714285714,30.6,21.2
20100820,25.0785714285714,29.3,20.9
20100821,23.85,27.6,20.1
20100822,22.8642857142857,26.3,19.5
20100823,22.3857142857143,25.6,19.2
20100824,21.4714285714286,24.7,18.3
20100825,21.2357142857143,24.5,17.9
20100826,21.7,25.6,17.8
20100827,22.85,27.4,18.3
20100828,24.3571428571429,29.4,19.3
20100829,25.9,31.6,20.2
20100830,26.8928571428571,32.5,21.3
20100831,27.6857142857143,33,22.4
20100901,27.6857142857143,32.8,22.5
20100902,26.8214285714286,31.6,22.1
20100903,25.8785714285714,30.6,21.1
20100904,25.2857142857143,30.1,20.5
20100905,24.65,29.6,19.7
20100906,23.0214285714286,27.7,18.3
20100907,22.0285714285714,26.8,17.2
20100908,21.75,26.7,16.8
20100909,21.2285714285714,25.8,16.7
20100910,21.0642857142857,25.5,16.6
20100911,20.2285714285714,24.5,16
20100912,19.1571428571429,23.1,15.2
20100913,19.0785714285714,23.2,14.9
20100914,18.8857142857143,23,14.8
20100915,18.4857142857143,22.3,14.7
20100916,19.1214285714286,23.4,14.8
20100917,19,23.2,14.8
20100918,18.6785714285714,23,14.4
20100919,19.5571428571429,24.2,14.9
20100920,20.2714285714286,24.9,15.6
20100921,21.1357142857143,26,16.3
20100922,22.25,27.5,17
20100923,21.9714285714286,26.8,17.1
20100924,21.9714285714286,26.7,17.3
20100925,22.5714285714286,26.6,18.6
20100926,22.1714285714286,25.9,18.5
20100927,22.0571428571429,25.4,18.7
20100928,21.3071428571429,24.5,18.1
20100929,19.8,22.7,16.9
20100930,18.9714285714286,22.1,15.9
20101001,17.9428571428571,20.7,15.2
20101002,16.7928571428571,19.8,13.8
20101003,15.8785714285714,18.7,13.1
20101004,15.0857142857143,18.3,11.8
20101005,14.85,18.3,11.4
20101006,15.1642857142857,18.7,11.6
20101007,15.2071428571429,19.1,11.3
20101008,16.2,20.7,11.7
20101009,16.5571428571429,21.4,11.7
20101010,16.3214285714286,21.4,11.3
20101011,15.8785714285714,20.7,11
20101012,15.0428571428571,19.5,10.6
20101013,14.3285714285714,18.3,10.3
20101014,14.4071428571429,18.3,10.5
20101015,13.5357142857143,17.2,9.9
20101016,12.8571428571429,16.4,9.4
20101017,12.6142857142857,16,9.3
20101018,12.5357142857143,15.9,9.2
20101019,12.2642857142857,15.6,9
20101020,12.2714285714286,16.1,8.5
20101021,12.4285714285714,16,8.9
20101022,13.1357142857143,17.1,9.2
20101023,14.2857142857143,18.1,10.5
20101024,15.6357142857143,19.4,11.9
20101025,16.3857142857143,20.3,12.5
20101026,16.5785714285714,20.6,12.5
20101027,16.2214285714286,20.1,12.4
20101028,15.3857142857143,19.3,11.5
20101029,13.7214285714286,17.3,10.2
20101030,11.7785714285714,15.5,8
20101031,9.99285714285714,13.9,6.1
20101101,8.72857142857143,12.1,5.4
20101102,8.45,11.7,5.2
20101103,8.12857142857143,11.2,5.1
20101104,7.61428571428571,10.6,4.6
20101105,7.57142857142857,10.3,4.8
20101106,7.92857142857143,10.6,5.2
20101107,8.20714285714286,10.8,5.6
20101108,8.20714285714286,11.2,5.2
20101109,8.60714285714286,12,5.2
20101110,9.36428571428571,13,5.7
20101111,10.1571428571429,13.8,6.5
20101112,11.0357142857143,14.8,7.3
20101113,11.6714285714286,15.2,8.2
20101114,12.0357142857143,15.5,8.6
20101115,12.1142857142857,15.4,8.8
20101116,11.3571428571429,14.3,8.4
20101117,10.8,13.6,8
20101118,10.0071428571429,12.6,7.5
20101119,10.1214285714286,13.2,7.1
20101120,10.1214285714286,13.3,6.9
20101121,9.32142857142857,12.5,6.1
20101122,8.72857142857143,11.8,5.6
20101123,8.85,12.2,5.5
20101124,8.05714285714286,11.2,4.9
20101125,7.81428571428571,11.1,4.5
20101126,6.75,9.8,3.7
20101127,6.35714285714286,9.5,3.3
20101128,6.71428571428571,10.3,3.2
20101129,6.35714285714286,9.9,2.8
20101130,5.64285714285714,8.9,2.4
20101201,5.47857142857143,8.7,2.2
20101202,4.85,7.8,1.9
20101203,4.13571428571429,6.8,1.5
20101204,2.74285714285714,5.1,0.4
20101205,1.19285714285714,3,-0.6
20101206,0.278571428571429,2.1,-1.5
20101207,-0.242857142857143,1.9,-2.4
20101208,0.0785714285714286,2.4,-2.2
20101209,1.3,4,-1.4
20101210,1.49285714285714,5.1,-2.2
20101211,0.542857142857143,4.1,-3
20101212,-0.014285714285714,3.6,-3.6
20101213,-0.0142857142857144,3.6,-3.6
20101214,-0.0499999999999998,3.4,-3.5
20101215,-0.685714285714286,2.6,-4
20101216,-2,1.1,-4.8
20101217,-2,0.2,-4.4
20101218,-1,1.3,-3.7
20101219,0,2.2,-3.1
20101220,0,2.6,-2.5
20101221,0,2.9,-2.1
20101222,0,2.6,-2.3
20101223,0,2.1,-3
20101224,-1,1.3,-3.4
20101225,-1,1.3,-3.7
20101226,-1,1.3,-3.5
20101227,-1,1.7,-3.7
20101228,-0.521428571428571,2.1,-3.1
20101229,0.907142857142857,3.7,-1.9
20101230,2.33571428571429,5.5,-0.8
20101231,2.97142857142857,6.1,-0.2
20110101,3.28571428571429,6.3,0.3
20110102,3.28571428571429,6.4,0.2
20110103,2.93571428571429,5.9,0
20110104,2.02857142857143,4.9,-0.9
20110105,0.478571428571429,3.2,-2.2
20110106,-1,1.6,-2.9
20110107,-1,1.5,-3.2
20110108,-2,0.8,-3.8
20110109,-2,0.2,-4.2
20110110,-2,-0.1,-4.8
20110111,-3,-0.3,-5.4
20110112,-3,0.2,-5.4
20110113,-2,0.6,-5.4
20110114,-3,0,-5.8
20110115,-2,0.8,-5.7
20110116,-1.62142857142857,1.6,-4.8
20110117,-0.942857142857143,2,-3.9
20110118,-0.864285714285714,2.1,-3.9
20110119,-1.81428571428571,1,-4.7
20110120,-2.92857142857143,0,-5.9
20110121,-3.55714285714286,-0.2,-6.9
20110122,-3.71428571428571,-0.5,-6.9
20110123,-4,-1,-7.3
20110124,-4,-0.9,-7.4
20110125,-4,-0.8,-6.6
20110126,-3,0.2,-5.3
20110127,-1,1.4,-4
20110128,0,1.9,-2.8
20110129,-1,1.3,-2.7
20110130,-1,1.6,-3
20110131,-1,1.4,-3.3
20110201,-1,1.4,-3.7
20110202,-1,2,-3.6
20110203,-0.171428571428571,2.4,-2.8
20110204,0.942857142857143,3.6,-1.7
20110205,1.1,4.4,-2.2
20110206,0.271428571428572,3.7,-3.2
20110207,-0.0142857142857143,3.3,-3.3
20110208,-0.0499999999999999,3.6,-3.7
20110209,-0.207142857142857,3.3,-3.7
20110210,-0.521428571428571,3.4,-4.4
20110211,0.035714285714286,4.4,-4.4
20110212,0.157142857142857,4.1,-3.8
20110213,1.35,5.6,-2.9
20110214,3.65714285714286,8.3,-1
20110215,5.91428571428571,10.7,1.1
20110216,6.19285714285714,11.8,0.6
20110217,5.67142857142857,11.3,0
20110218,4.32857142857143,9.7,-1
20110219,3.92857142857143,9.6,-1.7
20110220,3.40714285714286,8.9,-2.1
20110221,2.02142857142857,7.4,-3.4
20110222,1.15,6.7,-4.4
20110223,1.02857142857143,5.8,-3.7
20110224,2.1,6.6,-2.4
20110225,3.64285714285714,8.4,-1.1
20110226,4.72142857142857,9.2,0.2
20110227,5.4,10.3,0.5
20110228,4.56428571428571,9.4,-0.3
20110301,3.65,8.1,-0.8
20110302,4.76428571428571,9.5,0
20110303,5.4,9.9,0.9
20110304,4.88571428571429,9.3,0.5
20110305,4.8,9.5,0.1
20110306,4.83571428571429,8.8,0.9
20110307,6.34285714285714,10.4,2.3
20110308,7.41428571428572,11.5,3.3
20110309,7.09285714285714,11.1,3.1
20110310,6.7,11,2.4
20110311,6.5,10.4,2.6
20110312,6.65714285714286,10.3,3
20110313,7.29285714285714,11.3,3.3
20110314,8.00714285714286,12.2,3.8
20110315,9.32142857142857,14,4.7
20110316,9.44285714285714,14.2,4.7
20110317,9.08571428571429,14,4.1
20110318,9.04285714285714,14,4
20110319,9.4,14.3,4.5
20110320,8.48571428571429,12.9,4
20110321,7.1,11.3,2.9
20110322,4.8,8.5,1.1
20110323,3.57142857142857,7,0.2
20110324,3.09285714285714,6.5,-0.3
20110325,2.7,6.5,-1.1
20110326,2.3,6.4,-1.8
20110327,2.97857142857143,7.5,-1.5
20110328,3.21428571428571,7.4,-0.9
20110329,3.57142857142857,7.5,-0.4
20110330,4.64285714285714,8.7,0.6
20110331,5.71428571428571,9.8,1.7
20110401,7.1,11.2,3
20110402,8.21428571428571,12.6,3.8
20110403,8.37142857142857,12.8,4
20110404,8.92857142857143,13.5,4.4
20110405,9.4,13.9,4.9
20110406,9.59285714285714,14.1,5.1
20110407,9.67142857142857,13.9,5.4
20110408,10.6642857142857,15.4,6
20110409,11.0214285714286,15.8,6.3
20110410,11.0214285714286,15.4,6.7
20110411,11.9357142857143,16.7,7.1
20110412,12.1714285714286,17.3,7.1
20110413,12.1,17.1,7.1
20110414,12.4571428571429,17.5,7.5
20110415,11.6214285714286,16,7.2
20110416,10.95,14.5,7.4
20110417,11.6214285714286,15.7,7.5
20110418,11.1785714285714,15.2,7.1
20110419,10.9428571428571,14.8,7
20110420,11.2571428571429,15.3,7.2
20110421,12.1714285714286,16.8,7.5
20110422,13.0071428571429,17.8,8.2
20110423,14.4714285714286,20.2,8.8
20110424,15.5071428571429,21,10.1
20110425,16.5785714285714,21.7,11.5
20110426,17.85,23.1,12.6
20110427,18.3642857142857,23.6,13.2
20110428,17.7714285714286,22.7,12.8
20110429,17.0571428571429,21.7,12.4
20110430,16.7857142857143,21.1,12.5
20110501,15.7571428571429,20.2,11.3
20110502,14.8857142857143,19.7,10.1
20110503,14.8428571428571,19.9,9.8
20110504,15.2428571428571,20.3,10.2
20110505,15.5142857142857,20.7,10.3
20110506,15.9928571428571,21.3,10.6
20110507,15.9142857142857,21.3,10.5
20110508,16.4285714285714,21.9,11
20110509,17.0214285714286,22.6,11.4
20110510,16.9,22.2,11.6
20110511,16.6642857142857,21.6,11.7
20110512,16.7071428571429,21.2,12.2
20110513,16.3142857142857,20.5,12.1
20110514,15.6785714285714,19.3,12.1
20110515,15.5928571428571,19,12.2
20110516,15.9571428571429,19.1,12.9
20110517,16.0428571428571,18.8,13.3
20110518,16.5214285714286,19.9,13.1
20110519,15.9214285714286,19.1,12.8
20110520,16.1928571428571,19.4,12.9
20110521,17.5785714285714,21.1,14.1
20110522,18.6928571428571,22.5,14.9
20110523,18.9714285714286,22.7,15.2
20110524,20.0357142857143,24.2,15.9
20110525,20.7428571428571,24.7,16.8
20110526,22.2142857142857,26.6,17.8
20110527,23.5642857142857,28.1,19
20110528,24.0071428571429,28.7,19.3
20110529,24.4071428571429,29.2,19.6
20110530,24.4071428571429,29.4,19.4
20110531,23.8142857142857,28.8,18.8
20110601,23.1428571428571,28.1,18.2
20110602,22.2285714285714,27.1,17.3
20110603,21.6357142857143,26.7,16.5
20110604,21.4357142857143,26.6,16.3
20110605,21.75,26.9,16.6
20110606,22.6214285714286,28.1,17.2
20110607,23.5785714285714,29,18.2
20110608,23.4571428571429,28.7,18.2
20110609,23.6928571428571,29,18.3
20110610,23.3785714285714,28.4,18.3
20110611,22.4571428571429,27.2,17.7
20110612,21.3428571428571,26.3,16.3
20110613,20.6285714285714,25.5,15.8
20110614,19.95,24.6,15.3
20110615,20.5857142857143,25.5,15.7
20110616,21.3857142857143,26.2,16.6
20110617,21.9714285714286,26.8,17.1
20110618,22.85,27.6,18.1
20110619,23.3357142857143,27.4,19.3
20110620,22.9785714285714,26.3,19.6
20110621,22.7785714285714,25.9,19.7
20110622,22.6642857142857,25.6,19.7
20110623,22.3857142857143,25.3,19.4
20110624,22.3928571428571,25.4,19.4
20110625,22.5071428571429,25.5,19.5
20110626,22.5071428571429,25.6,19.4
20110627,22.9,26.5,19.3
20110628,23.3357142857143,27.5,19.1
20110629,23.7285714285714,28,19.4
20110630,23.65,27.6,19.7
20110701,23.9642857142857,27.9,20
20110702,24.05,28.3,19.8
20110703,24.4857142857143,28.8,20.2
20110704,25.2357142857143,29.6,20.9
20110705,25.5142857142857,29.8,21.3
20110706,25.55,29.9,21.2
20110707,25.9857142857143,30.9,21.1
20110708,26.3428571428571,31.3,21.4
20110709,26.9,31.7,22.1
20110710,26.6214285714286,31.5,21.7
20110711,25.9142857142857,30.9,21
20110712,25.9214285714286,31,20.8
20110713,26.1214285714286,31.2,21
20110714,26.4785714285714,31.6,21.4
20110715,26.6785714285714,31.9,21.4
20110716,26.5928571428571,32,21.2
20110717,26.95,32.2,21.7
20110718,27.9,33.3,22.5
20110719,29.2857142857143,34.6,24
20110720,30.2,35.4,25
20110721,30.4428571428571,35.4,25.5
20110722,29.5714285714286,34.2,24.9
20110723,29.1785714285714,33.9,24.5
20110724,28.7,33.5,23.9
20110725,28.15,32.7,23.6
20110726,26.8428571428571,31.1,22.6
20110727,26.1285714285714,30.4,21.8
20110728,25.85,30.4,21.3
20110729,26.5214285714286,31.5,21.5
20110730,26.7214285714286,31.6,21.8
20110731,26.8357142857143,31.9,21.8
20110801,26.55,31.7,21.4
20110802,26.5857142857143,31.8,21.3
20110803,26.2642857142857,31.3,21.2
20110804,26.2642857142857,31.2,21.3
20110805,26.2214285714286,30.9,21.6
20110806,25.8214285714286,30.2,21.4
20110807,25.8642857142857,30.1,21.7
20110808,25.8714285714286,29.9,21.8
20110809,25.5571428571429,29.8,21.4
20110810,25.4428571428571,29.8,21.1
20110811,24.5214285714286,28.4,20.6
20110812,23.7714285714286,27.4,20.2
20110813,23.3357142857143,27,19.7
20110814,23.1785714285714,27,19.4
20110815,23.1285714285714,27.1,19.2
20110816,23.1642857142857,27.1,19.3
20110817,22.9642857142857,27.1,18.9
20110818,23.5642857142857,28,19.1
20110819,23.4428571428571,28,18.9
20110820,23.3214285714286,28.1,18.6
20110821,23.1214285714286,27.6,18.6
20110822,23.1285714285714,27.2,19
20110823,23.3285714285714,27.1,19.5
20110824,23.3357142857143,26.6,20.1
20110825,22.7785714285714,25.9,19.7
20110826,22.5428571428571,25.9,19.2
20110827,22.6642857142857,26.1,19.2
20110828,22.7,26.5,18.9
20110829,22.6571428571429,26.9,18.4
20110830,22.2214285714286,26.5,17.9
20110831,22.2142857142857,26.9,17.5
20110901,22.9285714285714,27.8,18.1
20110902,23.6,28.1,19.1
20110903,23.2857142857143,27.5,19
20110904,22.5785714285714,26.2,19
20110905,22.3,25.9,18.7
20110906,22.6142857142857,26.3,18.9
20110907,22.5785714285714,26.1,19
20110908,21.6714285714286,24.9,18.4
20110909,21.4,24.9,17.9
20110910,21.95,25.4,18.5
20110911,22.9357142857143,26.8,19.1
20110912,22.4214285714286,26.5,18.3
20110913,21.0357142857143,25,17.1
20110914,19.8428571428571,23.8,15.9
20110915,19.2857142857143,23.6,15
20110916,18.25,22.6,13.9
20110917,17.4571428571429,21.5,13.4
20110918,16.7071428571429,20.5,12.9
20110919,17.4642857142857,20.9,14.1
20110920,18.5,21.5,15.5
20110921,19.6071428571429,22.4,16.8
20110922,20.7571428571429,23.3,18.2
20110923,21.8714285714286,24.3,19.4
20110924,22.55,25,20.1
20110925,22.7857142857143,25.1,20.5
20110926,22.2285714285714,24.5,19.9
20110927,21.9,24.8,19
20110928,20.75,24,17.5
20110929,19.3214285714286,22.8,15.9
20110930,17.65,21,14.3
20111001,16.2928571428571,19.9,12.7
20111002,15.5857142857143,19.7,11.5
20111003,14.7857142857143,19.2,10.4
20111004,14,18.4,9.6
20111005,14.5571428571429,19.2,9.9
20111006,15.75,20.8,10.7
20111007,17.1785714285714,22.6,11.7
20111008,18.1,23.4,12.8
20111009,17.9714285714286,22.8,13.2
20111010,18.3714285714286,22.7,14
20111011,18.8857142857143,23,14.8
20111012,18.4071428571429,22.1,14.8
20111013,17.45,20.6,14.3
20111014,16.6571428571429,19.4,14
20111015,16.1357142857143,19,13.3
20111016,16.1857142857143,18.9,13.5
20111017,16.0642857142857,19,13.2
20111018,15.2285714285714,17.8,12.6
20111019,14.7571428571429,17.5,12.1
20111020,14.3214285714286,16.9,11.7
20111021,13.8857142857143,16.6,11.2
20111022,13.4928571428571,16.1,10.9
20111023,13.1357142857143,16.1,10.2
20111024,12.2642857142857,15.6,8.9
20111025,11.4285714285714,15.1,7.8
20111026,10.2785714285714,13.9,6.7
20111027,9.09285714285714,12.9,5.3
20111028,8.26428571428571,12.2,4.3
20111029,7.78571428571429,11.7,3.9
20111030,7.22857142857143,11.3,3.2
20111031,7.47142857142857,11.1,3.8
20111101,7.83571428571428,11.4,4.2
20111102,8.10714285714286,11.8,4.5
20111103,8.61428571428571,12.4,4.8
20111104,9.28571428571429,13.1,5.5
20111105,10.1214285714286,14.1,6.1
20111106,10.7928571428571,14.8,6.8
20111107,11.1428571428571,15.4,6.9
20111108,10.9428571428571,15,6.9
20111109,11.3857142857143,15.6,7.1
20111110,12.0214285714286,16.2,7.9
20111111,12.6571428571429,16.7,8.6
20111112,12.7285714285714,16.5,9
20111113,12.5714285714286,16,9.1
20111114,11.7428571428571,14.9,8.6
20111115,11.4642857142857,14.8,8.2
20111116,11.1857142857143,14.3,8.1
20111117,11.4214285714286,14.6,8.2
20111118,10.7071428571429,13.8,7.6
20111119,9.52142857142857,12.6,6.4
20111120,8.72857142857143,12.2,5.3
20111121,8.65,12.2,5.1
20111122,9.64285714285714,13.4,5.9
20111123,10.6714285714286,14.5,6.8
20111124,10.5142857142857,14.4,6.7
20111125,11.3428571428571,15.2,7.5
20111126,12.3,16.5,8.1
20111127,12.4142857142857,16.4,8.4
20111128,12.2571428571429,16.1,8.4
20111129,11.6214285714286,15.4,7.9
20111130,10.3928571428571,14,6.8
20111201,9.88571428571429,13.3,6.4
20111202,9.09285714285714,12.5,5.7
20111203,9.12857142857143,12.1,6.1
20111204,9.49285714285714,12.9,6
20111205,9.25,12.5,6
20111206,9.12857142857143,12.5,5.7
20111207,8.89285714285714,12.5,5.3
20111208,7.73571428571429,11.2,4.3
20111209,6.59285714285714,10,3.2
20111210,5.04285714285714,8.8,1.3
20111211,4.32142857142857,7.9,0.8
20111212,5.31428571428571,9,1.7
20111213,5.79285714285714,9.5,2.1
20111214,5.59285714285714,9.2,2
20111215,4.99285714285714,8.6,1.4
20111216,4.90714285714286,8.8,1
20111217,5.30714285714286,8.9,1.7
20111218,6.02857142857143,9.8,2.2
20111219,6.02857142857143,9.8,2.3
20111220,5.39285714285714,9,1.8
20111221,5.07142857142857,8.5,1.7
20111222,6.02857142857143,9.7,2.4
20111223,6.34285714285714,9.5,3.2
20111224,6.57857142857143,10.2,2.9
20111225,5.65714285714286,9.3,2
20111226,3.91428571428571,7.7,0.1
20111227,4.07857142857143,7.9,0.3
20111228,5.47142857142857,9.3,1.7
20111229,6.10714285714286,9.8,2.5
20111230,6.11428571428571,10.2,2.1
20111231,4.25714285714286,8.3,0.3
20120101,2.62857142857143,6.4,-1.2
20120102,2.82142857142857,6.6,-0.9
20120103,2.82142857142857,6.7,-1.1
20120104,3.14285714285714,7.4,-1.1
20120105,2.59285714285714,6.9,-1.7
20120106,2.15,6.2,-1.9
20120107,3.41428571428571,7.3,-0.5
20120108,5.20714285714286,9,1.4
20120109,5.96428571428571,9.4,2.6
20120110,5.56428571428571,9.1,2
20120111,3.61428571428571,6.7,0.5
20120112,2.14285714285714,5.2,-0.9
20120113,1.35714285714286,4.9,-2.2
20120114,1.71428571428571,5.4,-2
20120115,1.43571428571429,5.9,-3
20120116,0.285714285714286,5.2,-4.7
20120117,-0.428571428571428,4.1,-5
20120118,-0.75,3.9,-5.4
20120119,-0.357142857142857,4.4,-5.2
20120120,1.02857142857143,5.7,-3.7
20120121,1.27142857142857,5.7,-3.2
20120122,1.35,4.9,-2.2
20120123,1.98571428571429,5.2,-1.2
20120124,3.52857142857143,7,0.1
20120125,4.84285714285714,8.3,1.3
20120126,5.87857142857143,9.1,2.6
20120127,5.35714285714286,8.1,2.6
20120128,5.42857142857143,8.6,2.3
20120129,6.62142857142857,10,3.2
20120130,7.1,10.8,3.4
20120131,6.11428571428571,9.6,2.6
20120201,6,9.6,2.4
20120202,5.75714285714286,9.3,2.2
20120203,6.16428571428572,10.2,2.2
20120204,5.76428571428571,9.4,2.2
20120205,4.12857142857143,7.5,0.8
20120206,3.80714285714286,7.1,0.5
20120207,4,7.2,0.8
20120208,3.55714285714286,6.6,0.5
20120209,2.76428571428571,5.9,-0.4
20120210,2.28571428571429,5.4,-0.8
20120211,2.12857142857143,5.2,-1
20120212,2.77142857142857,5.9,-0.3
20120213,2.89285714285714,5.7,0.1
20120214,3.37142857142857,6.1,0.6
20120215,3.89285714285714,6.9,0.9
20120216,4.97142857142857,7.9,2.1
20120217,5.16428571428571,8,2.3
20120218,4.97142857142857,8,2
20120219,5.56428571428571,8.8,2.3
20120220,6.51428571428571,9.9,3.1
20120221,6.15714285714286,9.6,2.7
20120222,5.95714285714286,9.4,2.5
20120223,5.75,9.4,2.1
20120224,6.46428571428571,10.5,2.5
20120225,6.93571428571429,10.8,3.1
20120226,6.14285714285714,9.6,2.7
20120227,5.11428571428571,8.3,2
20120228,4.84285714285714,7.9,1.7
20120229,5.63571428571429,8.8,2.5
20120301,5.91428571428572,8.8,3
20120302,5.00714285714286,7.6,2.4
20120303,4.17857142857143,7.2,1.2
20120304,4.93571428571429,8.7,1.1
20120305,6.76428571428571,11.1,2.4
20120306,7.79285714285714,12.9,2.7
20120307,6.75714285714286,11.8,1.7
20120308,7.39285714285714,13.1,1.7
20120309,9.21428571428571,15.3,3.2
20120310,11.55,17.6,5.5
20120311,12.3785714285714,18.3,6.5
20120312,11.2214285714286,16.7,5.7
20120313,10.9428571428571,15.7,6.2
20120314,12.3357142857143,17.2,7.4
20120315,12.8571428571429,17.5,8.2
20120316,13.2928571428571,17.7,8.9
20120317,13.3,17.6,9
20120318,13.4571428571429,17.4,9.5
20120319,15.0071428571429,19.5,10.6
20120320,16.5857142857143,21.4,11.7
20120321,16.7785714285714,21.7,11.9
20120322,16.2571428571429,20.7,11.8
20120323,14.6285714285714,19.1,10.1
20120324,12.7642857142857,17.4,8.2
20120325,12.25,17.4,7.1
20120326,11.0571428571429,16,6.1
20120327,9.59285714285714,14.5,4.7
20120328,8.36428571428572,12.8,4
20120329,8.25,12.8,3.7
20120330,8.60714285714286,13,4.2
20120331,9.51428571428571,14,5
20120401,9.67142857142857,14.1,5.2
20120402,9.51428571428571,13.9,5.1
20120403,9.51428571428572,14,5
20120404,10.3071428571429,15.5,5.1
20120405,10.9785714285714,16.7,5.3
20120406,11.6142857142857,17.2,6
20120407,11.6571428571429,16.9,6.4
20120408,10.9071428571429,15.7,6.1
20120409,11.0642857142857,16,6.2
20120410,11.5,16.4,6.6
20120411,12.3357142857143,17.3,7.4
20120412,13.2857142857143,18.1,8.5
20120413,14.8714285714286,20,9.7
20120414,16.2214285714286,21.4,11
20120415,16.8142857142857,22.1,11.5
20120416,17.3285714285714,22.9,11.8
20120417,18.0071428571429,23.3,12.7
20120418,18.1285714285714,23.3,13
20120419,16.7428571428571,21.4,12
20120420,14.4857142857143,18.7,10.2
20120421,12.9357142857143,17.2,8.6
20120422,12.7,17.2,8.2
20120423,12.2642857142857,16.5,8
20120424,11.15,15.3,7
20120425,10.0785714285714,14.4,5.7
20120426,10.3571428571429,15.2,5.6
20120427,10.7142857142857,15.8,5.6
20120428,11.4714285714286,16.5,6.4
20120429,11.3928571428571,15.8,7
20120430,11.4714285714286,15.6,7.4
20120501,12.6642857142857,16.9,8.4
20120502,13.4928571428571,17.1,9.8
20120503,13.9285714285714,17.3,10.6
20120504,14.4,17.5,11.3
20120505,14.4785714285714,17.4,11.6
20120506,15.3928571428571,18.6,12.1
20120507,15.7142857142857,19.1,12.3
20120508,15.3142857142857,18.7,11.9
20120509,15.8,19.9,11.7
20120510,16.8285714285714,21.2,12.5
20120511,17.4642857142857,21.6,13.3
20120512,17.6571428571429,21.5,13.8
20120513,18.1714285714286,22.2,14.1
20120514,18.5285714285714,22.9,14.2
20120515,18.8857142857143,23.2,14.6
20120516,18.9642857142857,23.3,14.6
20120517,18.6142857142857,23.1,14.1
20120518,18.0642857142857,22.5,13.7
20120519,18.2285714285714,22.9,13.6
20120520,18.2285714285714,22.6,13.8
20120521,18.35,22.2,14.5
20120522,18.7142857142857,22.4,15
20120523,19.4214285714286,22.7,16.1
20120524,19.8142857142857,22.9,16.7
20120525,21.4428571428571,25.1,17.8
20120526,22.5142857142857,26.6,18.4
20120527,22.7071428571429,26.7,18.7
20120528,23.3785714285714,27.7,19.1
20120529,23.4142857142857,27.6,19.2
20120530,22.8214285714286,26.9,18.7
20120531,22.3785714285714,26.5,18.3
20120601,20.6642857142857,24.4,16.9
20120602,19,22.4,15.6
20120603,18.2857142857143,22.1,14.4
20120604,17.9285714285714,22.1,13.8
20120605,18.1285714285714,22.6,13.6
20120606,18.3714285714286,22.9,13.9
20120607,19.0142857142857,23.5,14.5
20120608,19.9714285714286,24.6,15.3
20120609,20.8357142857143,25.2,16.4
20120610,21.1214285714286,25,17.2
20120611,21.2428571428571,24.9,17.6
20120612,21.2071428571429,24.9,17.6
20120613,21.1285714285714,25,17.2
20120614,20.3714285714286,24.1,16.6
20120615,19.8928571428571,23.7,16
20120616,20.0142857142857,24.1,15.9
20120617,21.2357142857143,26.1,16.4
20120618,22.5785714285714,27.5,17.7
20120619,23.3642857142857,28.2,18.5
20120620,23.8785714285714,28.6,19.2
20120621,24.6357142857143,29.4,19.8
20120622,24.9142857142857,29.6,20.2
20120623,24.5142857142857,29.2,19.8
20120624,23.6857142857143,28.2,19.2
20120625,23.0142857142857,27.7,18.3
20120626,23.0571428571429,27.9,18.2
20120627,23.7285714285714,28.6,18.8
20120628,24.4357142857143,29.4,19.4
20120629,25.3857142857143,30.5,20.2
20120630,26.5857142857143,31.9,21.3
20120701,27.3357142857143,32.8,21.9
20120702,27.9714285714286,33.3,22.6
20120703,28.1285714285714,33.3,22.9
20120704,28.0857142857143,33.6,22.5
20120705,27.9285714285714,33.5,22.4
20120706,27.8928571428571,33.3,22.5
20120707,27.7357142857143,33.2,22.3
20120708,27.5,32.6,22.4
20120709,26.9857142857143,32.1,21.8
20120710,26.9071428571429,31.8,22
20120711,26.4714285714286,30.9,22.1
20120712,26.3214285714286,30.6,22
20120713,26.4,31,21.8
20120714,26.95,31.8,22.1
20120715,27.6285714285714,33,22.3
20120716,27.0285714285714,31.9,22.1
20120717,25.8357142857143,30.6,21.1
20120718,25.0857142857143,30,20.2
20120719,24.6,29.5,19.7
20120720,24.4428571428571,29.1,19.8
20120721,24.2428571428571,28.7,19.8
20120722,23.4,27.5,19.3
20120723,23.8785714285714,28.5,19.3
20120724,24.8785714285714,29.7,20.1
20120725,25.2714285714286,29.9,20.6
20120726,25.2785714285714,29.7,20.9
20120727,24.9571428571429,29.3,20.6
20120728,24.3642857142857,28.4,20.3
20120729,24.2142857142857,27.9,20.6
20120730,24.2571428571429,27.8,20.7
20120731,24.4928571428571,28,21
20120801,25.1285714285714,28.7,21.6
20120802,25.7642857142857,29.5,22
20120803,26.1214285714286,29.9,22.3
20120804,26.1571428571429,30.2,22.1
20120805,26.5928571428571,30.8,22.4
20120806,26.75,30.9,22.6
20120807,26.1928571428571,30.2,22.2
20120808,26.0785714285714,29.9,22.2
20120809,25.9214285714286,29.6,22.2
20120810,25.8071428571429,29.6,22
20120811,25.8071428571429,29.3,22.3
20120812,25.4071428571429,29,21.8
20120813,25.0071428571429,28.7,21.3
20120814,25.1214285714286,29.4,20.9
20120815,24.3214285714286,28.7,19.9
20120816,23.3642857142857,27.7,19
20120817,22.8857142857143,27.1,18.7
20120818,22.7714285714286,27.3,18.2
20120819,22.8142857142857,27.3,18.3
20120820,22.9357142857143,27.3,18.6
20120821,23.0642857142857,27.2,18.9
20120822,23.6214285714286,27.8,19.5
20120823,24.2571428571429,28.6,19.9
20120824,24.5714285714286,28.8,20.3
20120825,25.05,29.2,20.9
20120826,24.8857142857143,29,20.8
20120827,24.45,28.7,20.2
20120828,24.6071428571429,29.1,20.2
20120829,24.9642857142857,29.5,20.5
20120830,25.0071428571429,29.3,20.7
20120831,24.9714285714286,29.1,20.8
20120901,24.5714285714286,28.6,20.6
20120902,24.7785714285714,28.7,20.9
20120903,25.0214285714286,28.5,21.5
20120904,24.9428571428571,28.2,21.7
20120905,24.1071428571429,27.4,20.8
20120906,23.6285714285714,27.1,20.2
20120907,22.8285714285714,26.5,19.1
20120908,21.9142857142857,26,17.9
20120909,21.4357142857143,26,16.9
20120910,21.2285714285714,26,16.4
20120911,20.6714285714286,25.5,15.9
20120912,20.2428571428571,24.9,15.6
20120913,19.8428571428571,24.6,15.1
20120914,20.05,25.1,15
20120915,20.6428571428571,25.3,16
20120916,20.1642857142857,24.5,15.9
20120917,19.3357142857143,23.5,15.2
20120918,18.9785714285714,23.1,14.8
20120919,19.0928571428571,23.3,14.8
20120920,18.7785714285714,22.8,14.8
20120921,18.1785714285714,21.9,14.5
20120922,17.5428571428571,21.7,13.4
20120923,18.0571428571429,22.2,13.9
20120924,18.65,22.7,14.6
20120925,18.4142857142857,22.2,14.6
20120926,17.8571428571429,21.3,14.4
20120927,17.8571428571429,21.3,14.4
20120928,17.9357142857143,21.6,14.3
20120929,18.1428571428571,21.4,14.9
20120930,17.9857142857143,21,14.9
20121001,18.0642857142857,21,15.2
20121002,18.4571428571429,21.7,15.2
20121003,18.8142857142857,22.6,15
20121004,17.9,21.5,14.3
20121005,16.9928571428571,20.3,13.7
20121006,16.0714285714286,19.4,12.7
20121007,15.4,18.9,11.9
20121008,14.05,17.7,10.4
20121009,12.4214285714286,15.9,8.9
20121010,10.8357142857143,14,7.6
20121011,11.75,15.3,8.2
20121012,12.9785714285714,16.6,9.4
20121013,12.9428571428571,16.7,9.2
20121014,12.3857142857143,16.3,8.5
20121015,12.7428571428571,16.7,8.7
20121016,13.8928571428571,17.5,10.2
20121017,15.1642857142857,18.8,11.5
20121018,14.8,18.4,11.2
20121019,14.2,18,10.4
20121020,14.6714285714286,18.5,10.9
20121021,15.0642857142857,18.3,11.8
20121022,15.15,18.1,12.2
20121023,14.95,18,11.9
20121024,14.9857142857143,17.7,12.3
20121025,14.9928571428571,17.2,12.8
20121026,14.9571428571429,16.9,13
20121027,14.2428571428571,16,12.5
20121028,13.4142857142857,15.3,11.5
20121029,12.5,14.4,10.6
20121030,11.4357142857143,13.5,9.4
20121031,10.1285714285714,12.4,7.9
20121101,9.17857142857143,11.8,6.6
20121102,7.82857142857143,10.4,5.2
20121103,6.72142857142857,9.5,4
20121104,5.84285714285714,8.8,2.9
20121105,5.28571428571429,8.5,2.1
20121106,5.04285714285714,8.5,1.6
20121107,5.28571428571429,8.8,1.7
20121108,6.23571428571429,9.9,2.6
20121109,7.58571428571429,11.5,3.6
20121110,8.73571428571428,13.1,4.4
20121111,9.21428571428571,13.6,4.8
20121112,9.21428571428571,13.3,5.1
20121113,9.01428571428571,12.8,5.2
20121114,8.73571428571429,12.5,5
20121115,7.65714285714286,11.3,4
20121116,6.46428571428571,9.8,3.2
20121117,6.02857142857143,8.9,3.2
20121118,6.38571428571429,9.4,3.4
20121119,6.97857142857143,10.1,3.9
20121120,7.57142857142857,10.9,4.3
20121121,7.37142857142857,10.8,4
20121122,6.82142857142857,10.1,3.6
20121123,6.82142857142857,10.2,3.5
20121124,6.22857142857143,9.4,3
20121125,5.51428571428571,8.5,2.5
20121126,4.8,7.6,2
20121127,4.20714285714286,6.8,1.6
20121128,3.88571428571429,6.1,1.7
20121129,4.67857142857143,7.1,2.3
20121130,5.67142857142857,8,3.3
20121201,6.97857142857143,9.6,4.3
20121202,7.69285714285714,11,4.4
20121203,7.37142857142857,10.7,4
20121204,7.25714285714286,10.7,3.8
20121205,7.93571428571429,11.4,4.4
20121206,7.9,11.3,4.5
20121207,7.66428571428571,11.2,4.1
20121208,7.26428571428571,10.9,3.7
20121209,6.70714285714286,9.7,3.7
20121210,7.22857142857143,10.2,4.3
20121211,7.38571428571429,10.3,4.5
20121212,7.02142857142857,10.1,4
20121213,6.9,9.8,4
20121214,6.1,8.6,3.6
20121215,6.02142857142857,8.2,3.8
20121216,6.3,8.6,4
20121217,6.3,8.6,4
20121218,6.57142857142857,9.3,3.9
20121219,6.13571428571429,8.5,3.7
20121220,5.66428571428571,8.2,3.2
20121221,5.27142857142857,7.9,2.6
20121222,4.32142857142857,6.9,1.8
20121223,3.57142857142857,6.3,0.9
20121224,3.05714285714286,5.6,0.5
20121225,2.07142857142857,4.1,0
20121226,1.67857142857143,3.8,-0.5
20121227,1.07857142857143,3.2,-1
20121228,0.8,3,-1.4
20121229,1,2.9,-1.9
20121230,0,2.5,-2.4
20121231,0,1.9,-2.8
20130101,0,1.9,-2.8
20130102,-0.0714285714285715,2.5,-2.7
20130103,0.642857142857143,3.5,-2.2
20130104,1.27857142857143,4.1,-1.5
20130105,1.95714285714286,4.7,-0.8
20130106,3.26428571428571,6,0.6
20130107,4.48571428571429,7.1,1.8
20130108,5.12142857142857,7.9,2.4
20130109,5.71428571428571,8.2,3.2
20130110,6.22857142857143,8.6,3.9
20130111,6.7,9.4,4
20130112,6.3,8.6,4
20130113,5.55,7.7,3.4
20130114,5.2,7.4,3
20130115,4.28571428571429,6.5,2.1
20130116,3.97142857142857,6.8,1.1
20130117,3.57857142857143,7.1,0.1
20130118,2.15714285714286,5.2,-0.9
20130119,0.842857142857143,4.3,-2.6
20130120,-0.671428571428571,2.9,-4.3
20130121,-2,1.3,-6.1
20130122,-3,0.4,-7.1
20130123,-5,-1.5,-8.3
20130124,-6,-3,-9.1
20130125,-6,-2.7,-8.9
20130126,-4.02142857142857,-1,-7.1
20130127,-1.35714285714286,2.1,-4.8
20130128,0.907142857142857,5.2,-3.4
20130129,1.62142857142857,5.8,-2.5
20130130,1.85714285714286,5.9,-2.2
20130131,1.9,5.6,-1.8
20130201,1.42857142857143,5.1,-2.3
20130202,0.442857142857143,3.8,-2.9
20130203,-1,2.2,-3.7
20130204,-2,-0.1,-4
20130205,-2,0.2,-3.8
20130206,-2,0.4,-3.6
20130207,-2,0.9,-4.1
20130208,-0.6,2.1,-3.3
20130209,0.192857142857143,3,-2.6
20130210,0.557142857142857,3.4,-2.3
20130211,1.39285714285714,4.5,-1.7
20130212,2.62857142857143,6.2,-0.9
20130213,3.37857142857143,6.9,-0.2
20130214,3.22142857142857,6.6,-0.2
20130215,2.15714285714286,5.8,-1.5
20130216,2.23571428571429,6.2,-1.7
20130217,1.67142857142857,5.7,-2.4
20130218,0.835714285714286,4.8,-3.1
20130219,-0.321428571428571,3.4,-4
20130220,-0.0785714285714285,3.5,-3.6
20130221,1.15,4.7,-2.4
20130222,2.13571428571429,5.5,-1.2
20130223,2.02142857142857,5.1,-1
20130224,2.81428571428571,5.8,-0.2
20130225,4.08571428571429,7.1,1
20130226,4.8,7.7,1.9
20130227,4.51428571428571,7.5,1.5
20130228,4.03571428571429,7,1.1
20130301,3.72142857142857,6.7,0.7
20130302,3.75,7.1,0.4
20130303,3.63571428571429,6.7,0.5
20130304,2.87857142857143,5.7,0.1
20130305,2.56428571428571,5.5,-0.3
20130306,3.32857142857143,6.7,0
20130307,4.00714285714286,7.5,0.5
20130308,4.99285714285714,8.4,1.6
20130309,5.79285714285714,9.1,2.5
20130310,6.18571428571429,9.8,2.5
20130311,6.14285714285714,10.1,2.2
20130312,6.3,10.5,2.1
20130313,5.62142857142857,9.4,1.9
20130314,4.86428571428571,8.4,1.3
20130315,3.64285714285714,6.9,0.4
20130316,2.69285714285714,5.8,-0.4
20130317,2.17857142857143,5.2,-0.9
20130318,2.17857142857143,5.1,-0.8
20130319,1.86428571428571,4.7,-0.9
20130320,2.06428571428571,5.1,-0.9
20130321,2.58571428571429,5.8,-0.6
20130322,3.09285714285714,6.2,0
20130323,3.65,7,0.3
20130324,4.12857142857143,7.6,0.6
20130325,4.85,8.5,1.2
20130326,5.87857142857143,9.6,2.1
20130327,6.70714285714286,10.6,2.8
20130328,7.42142857142857,11.2,3.6
20130329,8.34285714285714,13,3.7
20130330,7.78571428571428,12.2,3.4
20130331,7.39285714285714,11.6,3.2
20130401,7.31428571428571,11.8,2.9
20130402,7.71428571428571,12.5,3
20130403,7.24285714285714,11.9,2.6
20130404,7.12142857142857,12,2.2
20130405,8.11428571428571,12.9,3.4
20130406,10.3785714285714,16,4.8
20130407,12.3571428571429,18.2,6.5
20130408,13.1857142857143,18.7,7.6
20130409,12.5071428571429,17.4,7.6
20130410,12.9785714285714,17.9,8.1
20130411,13.3,18,8.6
20130412,12.4642857142857,16.9,8
20130413,11.5428571428571,15.4,7.7
20130414,11.4285714285714,15.2,7.7
20130415,11.55,15.1,8
20130416,13.0642857142857,17,9.1
20130417,13.2285714285714,17.2,9.3
20130418,12.7928571428571,17,8.6
20130419,12.5142857142857,16.7,8.3
20130420,11.8857142857143,15.9,7.9
20130421,11.3714285714286,15.7,7
20130422,11.45,16.3,6.6
20130423,11.0857142857143,16,6.2
20130424,11.7214285714286,16.8,6.6
20130425,12.8357142857143,18,7.7
20130426,13.35,18.1,8.6
20130427,14.3428571428571,19.3,9.4
20130428,14.4571428571429,19.3,9.6
20130429,14.8071428571429,19.8,9.8
20130430,14.7285714285714,19.7,9.8
20130501,14.65,19.5,9.8
20130502,14.25,19.1,9.4
20130503,14.4928571428571,20.1,8.9
20130504,14.7642857142857,20.6,9
20130505,14.8428571428571,20.1,9.6
20130506,14.8857142857143,19.8,10
20130507,15.8,20.8,10.8
20130508,16.35,20.9,11.8
20130509,16.7857142857143,21.3,12.2
20130510,16.3,20.5,12.1
20130511,15.3928571428571,19.4,11.4
20130512,15.5142857142857,19.9,11.1
20130513,16.2714285714286,20.8,11.8
20130514,15.95,20.2,11.7
20130515,15.55,19.8,11.3
20130516,15.2714285714286,19,11.6
20130517,16.6214285714286,20.6,12.6
20130518,18.6428571428571,22.6,14.7
20130519,19.2785714285714,23.3,15.2
20130520,19.4,23.4,15.4
20130521,18.6071428571429,22.9,14.4
20130522,17.7357142857143,22,13.5
20130523,17.7357142857143,22.5,12.9
20130524,17.2285714285714,22.1,12.4
20130525,16.0357142857143,20.6,11.4
20130526,16.15,21,11.3
20130527,16.8571428571429,21.7,12
20130528,19.0428571428571,23.7,14.4
20130529,21.5857142857143,26.6,16.6
20130530,23.2928571428571,28.3,18.3
20130531,24.0857142857143,28.7,19.4
20130601,24.4071428571429,29.3,19.5
20130602,24.0857142857143,28.6,19.5
20130603,22.7785714285714,27.1,18.5
20130604,21.0714285714286,24.9,17.2
20130605,19.9214285714286,23.9,16
20130606,19.3642857142857,23.3,15.5
20130607,18.8857142857143,22.6,15.2
20130608,19.3642857142857,23,15.7
20130609,19.7214285714286,23.2,16.3
20130610,19.5285714285714,23.1,16
20130611,19.65,23.8,15.5
20130612,19.9285714285714,24.1,15.8
20130613,20.0071428571429,24.1,16
20130614,20.8428571428571,25.2,16.5
20130615,21,25.5,16.5
20130616,20.8071428571429,25.6,16
20130617,21.5214285714286,26.4,16.6
20130618,22.3571428571429,27.2,17.5
20130619,22.6714285714286,27.6,17.8
20130620,23.1857142857143,28.2,18.2
20130621,23.6928571428571,28.8,18.6
20130622,24.3285714285714,29.4,19.3
20130623,25.2357142857143,30,20.5
20130624,25.9071428571429,30.5,21.3
20130625,26.3785714285714,30.7,22.1
20130626,26.5785714285714,30.6,22.5
20130627,26.6214285714286,30.5,22.8
20130628,25.95,29.3,22.6
20130629,25.55,28.6,22.5
20130630,25.4357142857143,28.4,22.5
20130701,25.5571428571429,28.5,22.6
20130702,25.8714285714286,28.9,22.9
20130703,26.5071428571429,29.6,23.4
20130704,26.9428571428571,30.1,23.8
20130705,27.4642857142857,31,23.9
20130706,27.7785714285714,31.5,24.1
20130707,27.9357142857143,31.7,24.2
20130708,27.85,31.4,24.3
20130709,27.0214285714286,30.4,23.7
20130710,26.1428571428571,29.5,22.8
20130711,25.9,29.4,22.4
20130712,26.2928571428571,29.7,22.8
20130713,26.65,30.2,23.1
20130714,27.2857142857143,31.2,23.4
20130715,28.0428571428571,32.3,23.8
20130716,29.3928571428571,33.8,25
20130717,30.4285714285714,34.8,26.1
20130718,30.4714285714286,34.7,26.3
20130719,30.0357142857143,34.1,26
20130720,29.6071428571429,33.5,25.7
20130721,28.6142857142857,32.4,24.8
20130722,26.75,30,23.5
20130723,25.5142857142857,29,22.1
20130724,24.6428571428571,28.1,21.2
20130725,23.9714285714286,27.2,20.7
20130726,23.6928571428571,27.1,20.2
20130727,23.2857142857143,26.8,19.8
20130728,23.2428571428571,26.8,19.7
20130729,23.6357142857143,27.4,19.8
20130730,23.7142857142857,27.4,20
20130731,23.4785714285714,27.1,19.8
20130801,23.4,27.3,19.5
20130802,22.85,26.7,19
20130803,22.7,26.7,18.7
20130804,22.7071428571429,26.4,19
20130805,23.0642857142857,26.8,19.3
20130806,23.4214285714286,27,19.8
20130807,23.6928571428571,27.4,20
20130808,23.6857142857143,27.5,19.9
20130809,24.1571428571429,27.8,20.5
20130810,24.1142857142857,27.4,20.9
20130811,23.5142857142857,26.9,20.1
20130812,22.9642857142857,26.7,19.3
20130813,22.4571428571429,26.4,18.5
20130814,22.2642857142857,26.5,18
20130815,22.1857142857143,26.1,18.3
20130816,21.9071428571429,25.9,17.9
20130817,22.3428571428571,26.7,17.9
20130818,23.4142857142857,28,18.8
20130819,23.8928571428571,28,19.8
20130820,24.1714285714286,28,20.3
20130821,24.05,27.7,20.4
20130822,24.1714285714286,28.3,20.1
20130823,24.45,28.7,20.2
20130824,24.5357142857143,28.6,20.5
20130825,24.3428571428571,28.3,20.4
20130826,24.4214285714286,28.4,20.4
20130827,24.4928571428571,28.7,20.3
20130828,25.05,29.1,21
20130829,25.5285714285714,29.2,21.8
20130830,25.6857142857143,29.1,22.3
20130831,25.3642857142857,28.7,22.1
20130901,24.9642857142857,28.3,21.6
20130902,24.6857142857143,28.3,21
20130903,23.6571428571429,27.3,20
20130904,22.8642857142857,26.8,18.9
20130905,22.3857142857143,26.8,18
20130906,21.3571428571429,26,16.7
20130907,21.5571428571429,26.4,16.7
20130908,22.5928571428571,27.6,17.6
20130909,23.1071428571429,28.1,18.1
20130910,23.3857142857143,28.5,18.3
20130911,22.6642857142857,27.5,17.9
20130912,21.7571428571429,26.7,16.8
20130913,21.7142857142857,26.7,16.7
20130914,20.1214285714286,24.9,15.3
20130915,18.1357142857143,23,13.3
20130916,17.1857142857143,22.3,12.1
20130917,17.3071428571429,22.5,12.2
20130918,17.9857142857143,23.3,12.7
20130919,17.9428571428571,22.9,12.9
20130920,17.4285714285714,22.4,12.5
20130921,17.6285714285714,23,12.2
20130922,17.7071428571429,23.1,12.3
20130923,17.5428571428571,22.6,12.5
20130924,17.0285714285714,21.8,12.3
20130925,16.6714285714286,21.5,11.9
20130926,16.9071428571429,21.7,12.1
20130927,17.5,22.4,12.6
20130928,18.3357142857143,23.1,13.6
20130929,19.2071428571429,23.9,14.5
20130930,19.6857142857143,24.5,14.9
20131001,20.7142857142857,25.8,15.6
20131002,21.15,26,16.3
20131003,21.3857142857143,25.9,16.9
20131004,21.5857142857143,25.9,17.2
20131005,20.7857142857143,24.7,16.8
20131006,19.5214285714286,23.1,16
20131007,18.6428571428571,22,15.2
20131008,17.6928571428571,20.6,14.8
20131009,17.3785714285714,20.3,14.5
20131010,16.8214285714286,19.9,13.7
20131011,16.1071428571429,19.1,13.1
20131012,16.2714285714286,19.5,13
20131013,16.5785714285714,19.9,13.3
20131014,17.1785714285714,20.5,13.8
20131015,16.9785714285714,20.5,13.4
20131016,16.3428571428571,19.9,12.8
20131017,16.0285714285714,19.8,12.3
20131018,15.95,19.8,12.1
20131019,15.6714285714286,19.4,12
20131020,14.7642857142857,18.4,11.1
20131021,13.2142857142857,16.9,9.5
20131022,12.0214285714286,15.7,8.3
20131023,11.2285714285714,15,7.5
20131024,10.8714285714286,14.6,7.1
20131025,10.3928571428571,14.2,6.6
20131026,9.67857142857143,13.3,6
20131027,9.95714285714286,13.7,6.2
20131028,10.9142857142857,14.7,7.1
20131029,12.3428571428571,16,8.7
20131030,13.4142857142857,17.1,9.8
20131031,12.9428571428571,16.8,9.1
20131101,12.0357142857143,15.6,8.4
20131102,11.8785714285714,15.6,8.2
20131103,11.9928571428571,15.6,8.3
20131104,11.5571428571429,15.5,7.6
20131105,10.0071428571429,13.9,6.1
20131106,8.61428571428571,12.5,4.8
20131107,9.12857142857143,12.9,5.3
20131108,9.72142857142857,13.5,5.9
20131109,9.20714285714286,13.3,5.2
20131110,7.55,11.5,3.6
20131111,6.63571428571429,10.6,2.7
20131112,7.07857142857143,11.1,3
20131113,7.75714285714286,11.9,3.6
20131114,8,11.8,4.2
20131115,8.79285714285714,12.8,4.8
20131116,8.95,12.7,5.2
20131117,9.26428571428571,13.1,5.4
20131118,9.34285714285714,13.1,5.6
20131119,9.62142857142857,13.1,6.1
20131120,8.82857142857143,12.6,5
20131121,6.53571428571428,10.3,2.8
20131122,4.24285714285714,7.9,0.6
20131123,3.96428571428571,7.6,0.4
20131124,4.8,9,0.6
20131125,3.93571428571429,7.6,0.2
20131126,2.35,6.2,-1.5
20131127,1.52142857142857,5,-2
20131128,2.77142857142857,6.5,-1
20131129,4.02857142857143,7.6,0.4
20131130,4.46428571428571,8.1,0.8
20131201,4.3,7.3,1.3
20131202,6,9.3,2.7
20131203,7.22857142857143,11.1,3.3
20131204,7.57857142857143,11.3,3.9
20131205,6.67857142857143,10,3.3
20131206,5.89285714285714,9.2,2.6
20131207,4.95,8,1.9
20131208,3.65,6.5,0.8
20131209,1.47857142857143,4.1,-1.1
20131210,-0.142857142857143,1.9,-2.2
20131211,-1,1.4,-3
20131212,-1,1.9,-2.9
20131213,-1,1.5,-3.4
20131214,-1,1.1,-3.9
20131215,-1,1.4,-4.2
20131216,0,2.7,-3.6
20131217,0.957142857142857,4.1,-2.2
20131218,3.33571428571429,6.6,0.1
20131219,5.79285714285714,9.1,2.5
20131220,7.69285714285714,11.5,3.9
20131221,8.17142857142857,12.3,4
20131222,7.77857142857143,11.8,3.7
20131223,7.34285714285714,11,3.7
20131224,6.42857142857143,9.9,2.9
20131225,5.43571428571429,9.1,1.7
20131226,3.72857142857143,7.3,0.1
20131227,2.22142857142857,5.8,-1.4
20131228,1.62142857142857,5,-1.8
20131229,1.9,5.2,-1.4
20131230,1.30714285714286,4.9,-2.3
20131231,-0.428571428571428,3.2,-4.1
20140101,-2.55714285714286,1.1,-6.3
20140102,-3,0.5,-7.4
20140103,-3,1.3,-7.7
20140104,-4,0.3,-9
20140105,-5,-0.6,-10.2
20140106,-5,-0.7,-9.9
20140107,-4,0.8,-8.2
20140108,-1.42142857142857,3.1,-6
20140109,-0.435714285714286,4.2,-5.1
20140110,0.114285714285714,3.9,-3.7
20140111,3,6.5,-0.5
20140112,5.17142857142857,8.5,1.9
20140113,6.12142857142857,9.3,3
20140114,6.51428571428571,9.8,3.2
20140115,5.52857142857143,8.5,2.6
20140116,4.35,7.2,1.5
20140117,3.91428571428571,6.8,1
20140118,1.77857142857143,5.2,-1.6
20140119,-0.742857142857143,2.8,-4.3
20140120,-2.75714285714286,1.1,-6.6
20140121,-5,-0.8,-8.4
20140122,-6,-1.8,-9.2
20140123,-6,-2.2,-9.7
20140124,-6,-2.3,-10.5
20140125,-7,-3.1,-10.4
20140126,-6,-2.6,-9.7
20140127,-5,-1.8,-9
20140128,-4,-0.3,-7.8
20140129,-2.75,1,-6.5
20140130,-1.01428571428571,2.7,-4.8
20140131,-0.821428571428572,2.7,-4.3
20140201,0.121428571428571,3.8,-3.5
20140202,1.14285714285714,4.6,-2.3
20140203,1.41428571428571,4.8,-1.9
20140204,1.1,4.2,-2
20140205,-0.114285714285714,2.9,-3.2
20140206,-2,1,-4.6
20140207,-3,-0.1,-5.1
20140208,-3,-0.8,-5.5
20140209,-4,-1.5,-6.8
20140210,-4,-1.2,-6.6
20140211,-3,-0.6,-6
20140212,-3,0,-5.5
20140213,-3,0,-5.5
20140214,-3,0.2,-5.8
20140215,-2,1.2,-5
20140216,-0.271428571428571,2.8,-3.3
20140217,0.835714285714286,4,-2.3
20140218,1.38571428571429,4.7,-1.9
20140219,2.56428571428571,6,-0.9
20140220,4.37142857142857,7.9,0.8
20140221,5.20714285714286,8.9,1.5
20140222,4.89285714285714,8.4,1.4
20140223,3.79285714285714,7.3,0.3
20140224,2.20714285714286,6,-1.5
20140225,0.164285714285714,4,-3.7
20140226,-1.29285714285714,2.7,-5.2
20140227,-2.28571428571429,1.5,-6.1
20140228,-3.15714285714286,0.6,-6.9
20140301,-3.75714285714286,0.3,-7.8
20140302,-3.2,0.9,-7.3
20140303,-3.23571428571429,0.7,-7.1
20140304,-2.05,1.7,-5.8
20140305,-0.664285714285714,3.3,-4.6
20140306,-0.342857142857143,3.6,-4.3
20140307,1.15714285714286,5.1,-2.8
20140308,3.88571428571429,8,-0.3
20140309,4.78571428571429,9.4,0.2
20140310,4.9,9.5,0.3
20140311,5.09285714285714,10.2,0
20140312,5.40714285714286,10.2,0.6
20140313,5.1,10.1,0.1
20140314,3.95714285714286,8.8,-0.9
20140315,2.37857142857143,7,-2.2
20140316,1.98571428571429,6.2,-2.2
20140317,3.72142857142857,7.9,-0.5
20140318,4.59285714285714,8.3,0.8
20140319,4.75,8.7,0.8
20140320,4.62857142857143,8.7,0.5
20140321,4.55,8.7,0.4
20140322,4.31428571428571,8.4,0.2
20140323,3.60714285714286,7.6,-0.4
20140324,2.50714285714286,6.8,-1.8
20140325,2.86428571428571,7.7,-2
20140326,2.78571428571429,7.4,-1.8
20140327,3.52857142857143,7.9,-0.9
20140328,4.94285714285714,9.6,0.3
20140329,6.28571428571429,11.3,1.3
20140330,7.70714285714286,12.7,2.7
20140331,9.56428571428571,14.5,4.6
20140401,9.07857142857143,13.3,4.8
20140402,8.75714285714286,12.9,4.6
20140403,9.11428571428572,13.9,4.4
20140404,9.27857142857143,13.6,4.9
20140405,9.71428571428571,14,5.5
20140406,10.1071428571429,14.5,5.7
20140407,9.59285714285714,13.8,5.4
20140408,11.3428571428571,16,6.7
20140409,12.5,17.5,7.5
20140410,13.85,18.8,8.9
20140411,15.3571428571429,20.6,10.2
20140412,14.8,20.5,9.1
20140413,13.7714285714286,19.5,8
20140414,13.1357142857143,18.7,7.5
20140415,11.2714285714286,16.7,5.9
20140416,10.7142857142857,16.3,5.2
20140417,9.68571428571429,14.9,4.5
20140418,8.65,14.3,3
20140419,9.68571428571429,14.9,4.5
20140420,10.6785714285714,15.9,5.5
20140421,11.4785714285714,17,6
20140422,12.3928571428571,18.1,6.7
20140423,12.55,18,7.1
20140424,12.5857142857143,17.9,7.2
20140425,12.7428571428571,17.9,7.6
20140426,11.6642857142857,16.4,6.9
20140427,11.1857142857143,15.7,6.7
20140428,12.1785714285714,17,7.4
20140429,12.9285714285714,17.5,8.3
20140430,13.4071428571429,17.9,9
20140501,13.9214285714286,18.3,9.5
20140502,14.2428571428571,18.6,9.9
20140503,15.3571428571429,20.1,10.6
20140504,16.3928571428571,21.4,11.3
20140505,15.7142857142857,19.9,11.5
20140506,15.4,19.4,11.4
20140507,15.9928571428571,20.3,11.7
20140508,16.9142857142857,21.7,12.2
20140509,18.0642857142857,22.9,13.3
20140510,18.1857142857143,23,13.4
20140511,18.3428571428571,23.2,13.5
20140512,19.0142857142857,24.1,13.9
20140513,19.3285714285714,24.5,14.1
20140514,18.6571428571429,23.5,13.8
20140515,17.7,22.3,13.1
20140516,16.5857142857143,21.3,11.9
20140517,16.7857142857143,21.7,11.9
20140518,17.3357142857143,21.9,12.8
20140519,17.2142857142857,21.6,12.9
20140520,17.2571428571429,21.8,12.7
20140521,17.4142857142857,21.8,13
20140522,18.0928571428571,22.9,13.3
20140523,19.3285714285714,24,14.7
20140524,20.0785714285714,24.6,15.6
20140525,19.3285714285714,23.8,14.8
20140526,18.9785714285714,23.7,14.2
20140527,19.1,24.1,14.1
20140528,19.2214285714286,24.3,14.1
20140529,19.1,24.1,14.1
20140530,18.5857142857143,23.6,13.6
20140531,18.6642857142857,23.7,13.7
20140601,19.7357142857143,25.1,14.4
20140602,20.5214285714286,25.9,15.2
20140603,20.7928571428571,26,15.6
20140604,21.2714285714286,26.7,15.9
20140605,22.0642857142857,27.4,16.7
20140606,21.9428571428571,26.8,17.1
20140607,21.5428571428571,26,17.1
20140608,20.9857142857143,25.1,16.9
20140609,20.8357142857143,24.8,16.8
20140610,21.1142857142857,25.1,17.1
20140611,20.7928571428571,24.4,17.1
20140612,20.2785714285714,24,16.6
20140613,20.5928571428571,24.6,16.6
20140614,21.3142857142857,25.6,17.1
20140615,22.6642857142857,27.1,18.3
20140616,23.1357142857143,27.4,18.9
20140617,23.1,27.4,18.8
20140618,23.3428571428571,27.7,19
20140619,23.5,27.6,19.4
20140620,23.5785714285714,27.6,19.5
20140621,23.1357142857143,27,19.3
20140622,22.7357142857143,26.7,18.8
20140623,23.1285714285714,27.3,19
20140624,23.4,27.6,19.2
20140625,23.9142857142857,28.3,19.5
20140626,24.2285714285714,28.6,19.8
20140627,24.5142857142857,28.9,20.2
20140628,24.9928571428571,29.5,20.5
20140629,25.3142857142857,30,20.6
20140630,25.3642857142857,30.2,20.6
20140701,24.9285714285714,29.5,20.4
20140702,24.5642857142857,29,20.2
20140703,24.5285714285714,29.1,20
20140704,24.8785714285714,29.5,20.2
20140705,24.9214285714286,29.7,20.2
20140706,24.7642857142857,29.4,20.1
20140707,24.7142857142857,29.1,20.3
20140708,25.4357142857143,30.1,20.8
20140709,25.9142857142857,30.4,21.4
20140710,26.1071428571429,30.3,21.9
20140711,25.8714285714286,29.8,21.9
20140712,25.7071428571429,29.4,22
20140713,25.3071428571429,28.9,21.7
20140714,25.0285714285714,28.7,21.3
20140715,24.55,28.3,20.8
20140716,24.0714285714286,27.6,20.5
20140717,23.7214285714286,27.4,20.1
20140718,23.5571428571429,27.4,19.7
20140719,23.5214285714286,27.4,19.6
20140720,23.9571428571429,28,19.9
20140721,24.0428571428571,27.9,20.2
20140722,24.1642857142857,28,20.3
20140723,24.4071428571429,28.4,20.4
20140724,24.8,28.8,20.8
20140725,24.7285714285714,28.6,20.9
20140726,24.05,27.8,20.3
20140727,23.3785714285714,27.1,19.6
20140728,23.3785714285714,27.3,19.5
20140729,23.6571428571429,27.5,19.9
20140730,23.1357142857143,26.9,19.4
20140731,22.5785714285714,26.2,19
20140801,22.7357142857143,26.3,19.1
20140802,23.5714285714286,27.5,19.7
20140803,23.9642857142857,27.7,20.2
20140804,23.9214285714286,27.8,20.1
20140805,23.6357142857143,27.7,19.6
20140806,24.2785714285714,28.7,19.8
20140807,24.8357142857143,29.7,20
20140808,25,29.9,20.1
20140809,24.5214285714286,29,20
20140810,24.4071428571429,29,19.8
20140811,24.05,28.5,19.6
20140812,23.5,27.7,19.3
20140813,23.0214285714286,27,19
20140814,22.7071428571429,26.5,18.9
20140815,22.1428571428571,26,18.2
20140816,22.0214285714286,26.4,17.7
20140817,22.1785714285714,26.5,17.8
20140818,22.4928571428571,27,18
20140819,22.8857142857143,27.5,18.3
20140820,23,27.4,18.6
20140821,22.8428571428571,27.2,18.5
20140822,23.1642857142857,27.8,18.6
20140823,23.6857142857143,28.3,19.1
20140824,23.9214285714286,28.7,19.1
20140825,23.9285714285714,28.7,19.2
20140826,23.8142857142857,28.7,18.9
20140827,23.8571428571429,29,18.7
20140828,24.6071428571429,29.8,19.4
20140829,25.0428571428571,29.8,20.3
20140830,25.4357142857143,30,20.9
20140831,25.3571428571429,29.7,21
20140901,25.6785714285714,30.1,21.3
20140902,26.3928571428571,30.6,22.1
20140903,26.9071428571429,31.5,22.3
20140904,26.2285714285714,30.8,21.7
20140905,25.3142857142857,29.8,20.9
20140906,24.0071428571429,28.3,19.7
20140907,23.4142857142857,27.8,19
20140908,23.25,27.5,19
20140909,22.5,26.8,18.2
20140910,21.2714285714286,25,17.5
20140911,20.4071428571429,24.2,16.6
20140912,19.8571428571429,23.9,15.8
20140913,19.5357142857143,23.7,15.4
20140914,18.9428571428571,23.1,14.8
20140915,18.1857142857143,22.6,13.8
20140916,17.3857142857143,21.6,13.2
20140917,17.5857142857143,22.1,13.1
20140918,18.2928571428571,22.4,14.2
20140919,18.2928571428571,22.4,14.2
20140920,18.1,22.5,13.7
20140921,18.1357142857143,22.3,14
20140922,17.6642857142857,21.4,14
20140923,18.2571428571429,22.2,14.3
20140924,18.6928571428571,22.9,14.5
20140925,18.9357142857143,23.6,14.3
20140926,19.7214285714286,24.2,15.2
20140927,20.1214285714286,24.2,16
20140928,20,23.7,16.3
20140929,20.3928571428571,24.2,16.6
20140930,20.0785714285714,23.7,16.4
20141001,19.2071428571429,22.6,15.8
20141002,17.5785714285714,20.8,14.4
20141003,16.5142857142857,20,13
20141004,16.55,20,13.1
20141005,16.9142857142857,20.7,13.2
20141006,16.6,20.5,12.7
20141007,16.1642857142857,19.9,12.4
20141008,15.7285714285714,19.2,12.2
20141009,15.8857142857143,19.4,12.4
20141010,15.8,19.1,12.5
20141011,15.9928571428571,19.4,12.5
20141012,16.4285714285714,19.8,13.1
20141013,16.7857142857143,20,13.6
20141014,17.3428571428571,20.6,14.1
20141015,17.9714285714286,21.3,14.6
20141016,17.5357142857143,20.8,14.3
20141017,16.95,20.4,13.5
20141018,16.2785714285714,19.7,12.9
20141019,14.7642857142857,18.2,11.4
20141020,13.6142857142857,16.7,10.5
20141021,12.9785714285714,16.1,9.9
20141022,12.6214285714286,15.9,9.4
20141023,13.2571428571429,16.4,10.1
20141024,13.6071428571429,16.6,10.6
20141025,13.7285714285714,17,10.4
20141026,14.3285714285714,18.2,10.5
20141027,14.4428571428571,18.6,10.3
20141028,13.8857142857143,18,9.8
20141029,12.7785714285714,16.4,9.1
20141030,11.7071428571429,15.2,8.2
20141031,11.2714285714286,15.1,7.5
20141101,11.1142857142857,14.8,7.5
20141102,10.9928571428571,14.1,7.9
20141103,10.9571428571429,14,7.9
20141104,10.6785714285714,13.8,7.5
20141105,10.4785714285714,13.9,7.1
20141106,11.0357142857143,14.6,7.5
20141107,11.2357142857143,14.6,7.9
20141108,10.9142857142857,14.3,7.5
20141109,10.5928571428571,14.4,6.8
20141110,9.75714285714286,13.7,5.9
20141111,9.12857142857143,12.8,5.5
20141112,8.77857142857143,12.3,5.2
20141113,7.86428571428571,11.4,4.4
20141114,7.34285714285714,10.6,4
20141115,5.60714285714286,9.1,2.1
20141116,3.47142857142857,6.8,0.1
20141117,3.15714285714286,6.6,-0.3
20141118,2.68571428571429,6.2,-0.8
20141119,2.57142857142857,6.3,-1.2
20141120,3.36428571428571,7.3,-0.6
20141121,4.56428571428571,8.7,0.5
20141122,6.54285714285714,10.5,2.6
20141123,7.61428571428571,11.7,3.5
20141124,7.45,11.1,3.8
20141125,7.48571428571429,11.1,3.8
20141126,7.47857142857143,11.2,3.8
20141127,7.47857142857143,11,3.9
20141128,6.87857142857143,10.7,3
20141129,5.25,8.7,1.8
20141130,5.32857142857143,8.3,2.3
20141201,5.72857142857143,8.9,2.6
20141202,6.2,9.4,3
20141203,6.87142857142857,9.8,3.9
20141204,5.77142857142857,8.8,2.7
20141205,3.95714285714286,6.6,1.3
20141206,3.95714285714286,6.5,1.4
20141207,3.35714285714286,6,0.7
20141208,2.84285714285714,5.5,0.2
20141209,2.52142857142857,5,0
20141210,2.08571428571429,4.5,-0.4
20141211,2.55,4.8,0.3
20141212,3.49285714285714,5.7,1.3
20141213,3.84285714285714,6.3,1.4
20141214,4.8,7.4,2.2
20141215,5.2,7.7,2.7
20141216,5.16428571428571,7.7,2.6
20141217,4.57857142857143,6.8,2.3
20141218,3.90714285714286,6,1.8
20141219,3.67142857142857,5.7,1.6
20141220,3.75714285714286,5.5,2
20141221,3.99285714285714,5.8,2.2
20141222,5.06428571428571,7.4,2.7
20141223,5.89285714285714,8.3,3.4
20141224,7.31428571428571,10.1,4.5
20141225,8.5,11.5,5.5
20141226,8.45714285714286,11.5,5.4
20141227,7.39285714285714,10.6,4.2
20141228,5.69285714285714,8.5,2.9
20141229,4.10714285714286,6.7,1.5
20141230,3.6,6,1.2
20141231,2.65,5,0.3
20150101,2.65,5.2,0.1
20150102,2.33571428571429,5.6,-0.9
20150103,1.50714285714286,4.6,-1.6
20150104,0.442857142857143,3.9,-3
20150105,-1.01428571428571,2.5,-4.5
20150106,-2,1.8,-5.8
20150107,-3.42142857142857,0.3,-7.1
20150108,-5,-1.2,-8.9
20150109,-4.92142857142857,-2,-7.8
20150110,-4.45,-0.9,-8
20150111,-3.82142857142857,-0.2,-7.4
20150112,-2.6,0.9,-6.1
20150113,-2.17142857142857,1.7,-6
20150114,-1.77857142857143,2.4,-5.9
20150115,-1.06428571428571,2.8,-4.9
20150116,-0.907142857142857,3,-4.8
20150117,-0.164285714285714,3.3,-3.7
20150118,0.35,3.7,-3
20150119,0.778571428571429,4,-2.5
20150120,0.942857142857143,3.7,-1.8
20150121,1.85,4.3,-0.6
20150122,1.85,4.3,-0.6
20150123,0.864285714285714,3.4,-1.7
20150124,0.00714285714285712,2.6,-2.6
20150125,-0.428571428571428,2.5,-3.3
20150126,-1.05714285714286,2.2,-4.3
20150127,-1.45714285714286,2.1,-5
20150128,-3,1.1,-6.6
20150129,-3,0.6,-7.5
20150130,-4,0.8,-8.1
20150131,-4,0.5,-8.6
20150201,-3,1.2,-8
20150202,-3,1.7,-8.4
20150203,-4,0.8,-9
20150204,-3,1.9,-8
20150205,-3,2,-7.3
20150206,-2,1.6,-6.4
20150207,-1,2.7,-5.4
20150208,-2,2,-5.5
20150209,-2,1.8,-5.4
20150210,-2,1.4,-5.7
20150211,-3,0.7,-6.4
20150212,-4,-0.2,-8.4
20150213,-5,-0.8,-10.1
20150214,-6,-1.9,-11.1
20150215,-7,-1.9,-11.3
20150216,-7,-2.9,-12
20150217,-8,-3.1,-12.4
20150218,-8,-3.1,-12.7
20150219,-6.07857142857143,-1.7,-10.5
20150220,-5.21428571428571,-0.4,-10.1
20150221,-5.72857142857143,-0.6,-10.9
20150222,-5.53571428571429,-0.3,-10.8
20150223,-4.82857142857143,0.1,-9.8
20150224,-3.75714285714286,1,-8.5
20150225,-3.87142857142857,0.8,-8.5
20150226,-5,-0.2,-9.1
20150227,-4,-0.1,-7.6
20150228,-3,0.9,-6.2
20150301,-1.72857142857143,1.5,-5
20150302,-1.49285714285714,2.2,-5.2
20150303,-1.85,1.9,-5.6
20150304,-1.3,2.6,-5.2
20150305,-0.0857142857142858,4,-4.2
20150306,1.01428571428571,5.2,-3.2
20150307,2.32142857142857,6.5,-1.9
20150308,3.23571428571429,7.6,-1.1
20150309,4.17857142857143,8.2,0.2
20150310,5.55714285714286,9.4,1.7
20150311,6.94285714285714,10.5,3.4
20150312,6.70714285714286,10.1,3.3
20150313,6.43571428571429,9.9,2.9
20150314,6.39285714285714,10.2,2.5
20150315,5.00714285714286,8.7,1.4
20150316,4.57857142857143,8.3,0.8
20150317,4.3,7.9,0.7
20150318,3.70714285714286,7.6,-0.2
20150319,3.35714285714286,7.5,-0.8
20150320,2.32857142857143,6.4,-1.8
20150321,2,5.5,-2.4
20150322,2.12857142857143,6.2,-2
20150323,3.4,7.8,-1
20150324,4.11428571428571,8.4,-0.2
20150325,3.72142857142857,7.8,-0.4
20150326,3.72142857142857,8.1,-0.6
20150327,4.86428571428571,9.4,0.4
20150328,5.29285714285714,9.5,1.1
20150329,5.3,9.7,0.9
20150330,5.45,10.1,0.8
20150331,6.95714285714286,11.5,2.4
20150401,8.38571428571428,13.1,3.7
20150402,9.65,14.3,5
20150403,10.25,15,5.5
20150404,11.1285714285714,16.2,6.1
20150405,11.0857142857143,15.7,6.5
20150406,9.97857142857143,13.8,6.1
20150407,8.86428571428572,13.2,4.6
20150408,8.82142857142857,12.9,4.7
20150409,9.05714285714286,13.3,4.8
20150410,9.57142857142857,13.7,5.4
20150411,10.2,14,6.4
20150412,11.8285714285714,16.1,7.6
20150413,13.2571428571429,17.8,8.7
20150414,14.4928571428571,19,10
20150415,16,20.8,11.2
20150416,16.1214285714286,20.6,11.6
20150417,15.5285714285714,19.8,11.3
20150418,15.4071428571429,19.8,11
20150419,15.1714285714286,19.5,10.8
20150420,14.2571428571429,18.6,9.9
20150421,12.8642857142857,17.1,8.7
20150422,11.3142857142857,15.6,7
20150423,11.2357142857143,15.6,6.8
20150424,11.55,16,7.1
20150425,11.7142857142857,16.5,6.9
20150426,12.15,17.2,7.1
20150427,13.0214285714286,18.4,7.6
20150428,13.85,19.3,8.4
20150429,14.7214285714286,20.2,9.2
20150430,15.5571428571429,21.5,9.6
20150501,16.7857142857143,23.3,10.2
20150502,17.9714285714286,24.4,11.5
20150503,18.1285714285714,24,12.2
20150504,18.9642857142857,25.1,12.9
20150505,20,26.6,13.4
20150506,20.2,26.3,14.1
20150507,20.7071428571429,26.5,14.9
20150508,21.1857142857143,26.4,15.9
20150509,21.15,26.5,15.8
20150510,20.7928571428571,26.3,15.3
20150511,20.2785714285714,25.7,14.8
20150512,19.9642857142857,25.2,14.8
20150513,20.1642857142857,25.6,14.8
20150514,20.2857142857143,25.6,15
20150515,19.5357142857143,24.8,14.2
20150516,19.1,24.4,13.8
20150517,19.0142857142857,24.1,13.9
20150518,18.6571428571429,23.3,14.1
20150519,18.6142857142857,23.2,14.1
20150520,18.0928571428571,22.8,13.4
20150521,17.6928571428571,22.6,12.8
20150522,18.2428571428571,23.4,13.1
20150523,18.8714285714286,24,13.7
20150524,20.2214285714286,25.5,15
20150525,21.8428571428571,27.3,16.4
20150526,22.6714285714286,28.1,17.2
20150527,23.9785714285714,29.3,18.6
20150528,24.2642857142857,29.8,18.7
20150529,22.6785714285714,27.7,17.7
20150530,20.7,25.1,16.3
20150531,19.3928571428571,23.9,14.9
20150601,17.9642857142857,22.3,13.6
20150602,16.9785714285714,21.1,12.9
20150603,16.35,20.4,12.3
20150604,15.75,19.3,12.2
20150605,17.0571428571429,21,13.1
20150606,18.8785714285714,23.2,14.5
20150607,19.8714285714286,24.2,15.6
20150608,21.5428571428571,26.1,17
20150609,22.9714285714286,27.5,18.4
20150610,23.8428571428571,28.3,19.4
20150611,24.8357142857143,29.4,20.2
20150612,25.0357142857143,29.8,20.3
20150613,24.7571428571429,29.4,20.1
20150614,24.8,29.4,20.2
20150615,23.7714285714286,28,19.5
20150616,23.5357142857143,27.9,19.1
20150617,22.7857142857143,27.1,18.5
20150618,22.9857142857143,27.1,18.9
20150619,23.3857142857143,27.4,19.4
20150620,24.2214285714286,28.3,20.2
20150621,24.3785714285714,28.4,20.3
20150622,24.8857142857143,29.4,20.4
20150623,24.6857142857143,28.9,20.5
20150624,24.2857142857143,28.6,20
20150625,23.3357142857143,27.4,19.3
20150626,22.6142857142857,26.5,18.7
20150627,22.0214285714286,25.9,18.2
20150628,21.9857142857143,25.7,18.3
20150629,22.0357142857143,25.5,18.6
20150630,21.9571428571429,25.6,18.3
20150701,22.5571428571429,25.9,19.2
20150702,23.1857142857143,26.7,19.7
20150703,23.8214285714286,27.2,20.4
20150704,24.3357142857143,27.7,21
20150705,24.8857142857143,28.2,21.6
20150706,24.8,28.1,21.5
20150707,25.1142857142857,28.2,22
20150708,25.6285714285714,29.3,22
20150709,26.0285714285714,29.8,22.3
20150710,26.2714285714286,30.2,22.4
20150711,25.9571428571429,29.7,22.2
20150712,25.4785714285714,29.1,21.8
20150713,25.3642857142857,29.2,21.5
20150714,25.0428571428571,29,21.1
20150715,25,28.7,21.3
20150716,25.4,29,21.8
20150717,25.9928571428571,29.5,22.5
20150718,26.3071428571429,30.1,22.5
20150719,26.35,30.4,22.3
20150720,26.7428571428571,30.9,22.6
20150721,27.1071428571429,31.3,22.9
20150722,27.15,31.6,22.7
20150723,26.8642857142857,31.3,22.4
20150724,26.1142857142857,30.7,21.5
20150725,26.3928571428571,31.2,21.6
20150726,27.1928571428571,32.1,22.3
20150727,27.55,32.2,22.9
20150728,27.7071428571429,32.3,23.1
20150729,27.9857142857143,32.4,23.6
20150730,27.8357142857143,32.3,23.3
20150731,28.15,32.6,23.7
20150801,27.6785714285714,32.2,23.2
20150802,27.0785714285714,31.5,22.7
20150803,26.5571428571429,31.1,22
20150804,26.2428571428571,30.7,21.8
20150805,25.6857142857143,30.2,21.2
20150806,25.4,29.8,21
20150807,24.9642857142857,29.4,20.6